[{"id":"218227775","familyId":1,"firstName":"יעקב אהרון","lastName":"אדלר","grade":"א","gradeNum":1,"donation":0},{"id":"217665322","familyId":2,"firstName":"שמעון","lastName":"אורנשטיין","grade":"א","gradeNum":1,"donation":0},{"id":"218373322","familyId":3,"firstName":"יואל משה","lastName":"אייזנמן","grade":"א","gradeNum":1,"donation":0},{"id":"218235893","familyId":4,"firstName":"אלעזר","lastName":"אינהורן","grade":"א","gradeNum":1,"donation":0},{"id":"217902824","familyId":5,"firstName":"יהודה","lastName":"בן שלוש","grade":"א","gradeNum":1,"donation":0},{"id":"331410217","familyId":6,"firstName":"ישראל מאיר","lastName":"גולדשטיין","grade":"א","gradeNum":1,"donation":0},{"id":"218643658","familyId":7,"firstName":"יוסף משה","lastName":"גרילוס","grade":"א","gradeNum":1,"donation":0},{"id":"346454903","familyId":8,"firstName":"יצחק","lastName":"הופמן","grade":"א","gradeNum":1,"donation":0},{"id":"327138673","familyId":9,"firstName":"אשר","lastName":"כץ","grade":"א","gradeNum":1,"donation":624},{"id":"336299086","familyId":10,"firstName":"חיים שלום","lastName":"ליבוביץ","grade":"א","gradeNum":1,"donation":0},{"id":"218340149","familyId":11,"firstName":"חיים אריה","lastName":"מרילס","grade":"א","gradeNum":1,"donation":0},{"id":"334177417","familyId":12,"firstName":"מאיר","lastName":"נגר","grade":"א","gradeNum":1,"donation":0},{"id":"218634160","familyId":13,"firstName":"אפרים","lastName":"סיפר","grade":"א","gradeNum":1,"donation":0},{"id":"333125896","familyId":14,"firstName":"ידידיה","lastName":"עמאר","grade":"א","gradeNum":1,"donation":0},{"id":"218785426","familyId":15,"firstName":"מאיר","lastName":"פוקס","grade":"א","gradeNum":1,"donation":0},{"id":"333064236","familyId":16,"firstName":"יצחק אלחנן","lastName":"פרוש","grade":"א","gradeNum":1,"donation":0},{"id":"218184125","familyId":17,"firstName":"שלמה זלמן","lastName":"קליין","grade":"א","gradeNum":1,"donation":0},{"id":"333145266","familyId":18,"firstName":"איתי","lastName":"קמחי","grade":"א","gradeNum":1,"donation":0},{"id":"217922442","familyId":19,"firstName":"דוד","lastName":"ראובן","grade":"א","gradeNum":1,"donation":0},{"id":"218143436","familyId":20,"firstName":"יהודה","lastName":"רבינסקי","grade":"א","gradeNum":1,"donation":0},{"id":"337618904","familyId":21,"firstName":"אליהו","lastName":"רוזנהולץ","grade":"א","gradeNum":1,"donation":0},{"id":"333685972","familyId":22,"firstName":"בנימין","lastName":"רזניק","grade":"א","gradeNum":1,"donation":0},{"id":"219245610","familyId":23,"firstName":"יחזקאל","lastName":"שורץ","grade":"א","gradeNum":1,"donation":0},{"id":"218932788","familyId":24,"firstName":"יעקב","lastName":"שטדלר","grade":"א","gradeNum":1,"donation":0},{"id":"218270239","familyId":25,"firstName":"אוריאל","lastName":"שטלמן","grade":"א","gradeNum":1,"donation":0},{"id":"332936368","familyId":26,"firstName":"נתנאל","lastName":"אמיתי","grade":"א","gradeNum":2,"donation":0},{"id":"333094019","familyId":27,"firstName":"יהודה","lastName":"אסולין","grade":"א","gradeNum":2,"donation":0},{"id":"216973644","familyId":28,"firstName":"זאב דב","lastName":"בירנצויג","grade":"א","gradeNum":2,"donation":0},{"id":"218535029","familyId":29,"firstName":"יצחק","lastName":"ברנט","grade":"א","gradeNum":2,"donation":0},{"id":"218675510","familyId":30,"firstName":"יונה שמחה","lastName":"גודמן","grade":"א","gradeNum":2,"donation":250},{"id":"218471795","familyId":31,"firstName":"שי","lastName":"גרינוולד","grade":"א","gradeNum":2,"donation":0},{"id":"218190403","familyId":32,"firstName":"יאיר","lastName":"הופמן","grade":"א","gradeNum":2,"donation":0},{"id":"217923143","familyId":33,"firstName":"איתמר","lastName":"הרטמן","grade":"א","gradeNum":2,"donation":0},{"id":"333692168","familyId":34,"firstName":"איתמר","lastName":"זבולון","grade":"א","gradeNum":2,"donation":0},{"id":"217797687","familyId":35,"firstName":"ישי","lastName":"ימיני","grade":"א","gradeNum":2,"donation":0},{"id":"333311389","familyId":36,"firstName":"יהונתן","lastName":"ישי","grade":"א","gradeNum":2,"donation":0},{"id":"218183408","familyId":37,"firstName":"ישראל","lastName":"לרנר","grade":"א","gradeNum":2,"donation":0},{"id":"218983518","familyId":38,"firstName":"אריה","lastName":"מוסקוביץ","grade":"א","gradeNum":2,"donation":0},{"id":"334106655","familyId":39,"firstName":"מנשה יהודה","lastName":"מלכה","grade":"א","gradeNum":2,"donation":0},{"id":"219146784","familyId":40,"firstName":"שמואל","lastName":"מנטרוז","grade":"א","gradeNum":2,"donation":0},{"id":"218271518","familyId":41,"firstName":"ברוך שמואל","lastName":"סולומון","grade":"א","gradeNum":2,"donation":0},{"id":"218446482","familyId":42,"firstName":"אלעזר","lastName":"פוליטנסקי","grade":"א","gradeNum":2,"donation":0},{"id":"332959782","familyId":43,"firstName":"בנימין","lastName":"פרויליך","grade":"א","gradeNum":2,"donation":0},{"id":"218672962","familyId":44,"firstName":"שמואל","lastName":"צדוק","grade":"א","gradeNum":2,"donation":0},{"id":"218618981","familyId":45,"firstName":"דוד אפרים","lastName":"קלב","grade":"א","gradeNum":2,"donation":0},{"id":"218399574","familyId":46,"firstName":"בנימין","lastName":"רחמים","grade":"א","gradeNum":2,"donation":0},{"id":"555147480","familyId":47,"firstName":"משה","lastName":"ריינס","grade":"א","gradeNum":2,"donation":0},{"id":"218803781","familyId":48,"firstName":"רפאל","lastName":"שמאע","grade":"א","gradeNum":2,"donation":0},{"id":"333146033","familyId":49,"firstName":"יוסף","lastName":"שרמן","grade":"א","gradeNum":2,"donation":0},{"id":"331889386","familyId":50,"firstName":"אריאל","lastName":"תורג'מן","grade":"א","gradeNum":2,"donation":0},{"id":"217630391","familyId":51,"firstName":"אייפרמן","lastName":"איתמר","grade":"ב","gradeNum":1,"donation":0},{"id":"217682202","familyId":52,"firstName":"אלחדד","lastName":"חיים","grade":"ב","gradeNum":1,"donation":0},{"id":"327008967","familyId":53,"firstName":"בוקובזה","lastName":"אהרן שלום","grade":"ב","gradeNum":1,"donation":0},{"id":"333146967","familyId":54,"firstName":"בן חיים","lastName":"שמואל","grade":"ב","gradeNum":1,"donation":0},{"id":"333004281","familyId":55,"firstName":"ברנשטיין","lastName":"אביגדור","grade":"ב","gradeNum":1,"donation":0},{"id":"329058416","familyId":30,"firstName":"גודמן","lastName":"יעקב ישראל","grade":"ב","gradeNum":1,"donation":250},{"id":"333055333","familyId":57,"firstName":"גליס","lastName":"בנימין","grade":"ב","gradeNum":1,"donation":0},{"id":"331128785","familyId":58,"firstName":"הכהן","lastName":"יוסף מרדכי","grade":"ב","gradeNum":1,"donation":0},{"id":"217632876","familyId":59,"firstName":"ויסלובסקי","lastName":"בנימין","grade":"ב","gradeNum":1,"donation":0},{"id":"332986330","familyId":60,"firstName":"טויטו","lastName":"מרדכי חננאל","grade":"ב","gradeNum":1,"donation":0},{"id":"217727999","familyId":61,"firstName":"טחן","lastName":"איתמר","grade":"ב","gradeNum":1,"donation":0},{"id":"217163294","familyId":62,"firstName":"יעקבס","lastName":"חיים","grade":"ב","gradeNum":1,"donation":0},{"id":"217810530","familyId":63,"firstName":"פולסקי","lastName":"יהודה","grade":"ב","gradeNum":1,"donation":0},{"id":"332081389","familyId":64,"firstName":"פיין","lastName":"אליהו","grade":"ב","gradeNum":1,"donation":0},{"id":"217461144","familyId":65,"firstName":"פרטיג","lastName":"יונתן","grade":"ב","gradeNum":1,"donation":0},{"id":"217799311","familyId":66,"firstName":"פרידמן","lastName":"יהונתן דב","grade":"ב","gradeNum":1,"donation":0},{"id":"217666338","familyId":67,"firstName":"פרידמן","lastName":"יעקב ברוך","grade":"ב","gradeNum":1,"donation":0},{"id":"217410547","familyId":68,"firstName":"צ'ילקובסקי","lastName":"חננאל","grade":"ב","gradeNum":1,"donation":0},{"id":"331307429","familyId":69,"firstName":"צנגר","lastName":"מלאכי","grade":"ב","gradeNum":1,"donation":0},{"id":"333056653","familyId":70,"firstName":"קניג","lastName":"שמואל צבי","grade":"ב","gradeNum":1,"donation":0},{"id":"331215020","familyId":71,"firstName":"קרוגר","lastName":"יאיר","grade":"ב","gradeNum":1,"donation":0},{"id":"332115435","familyId":19,"firstName":"ראובן","lastName":"אוריאל","grade":"ב","gradeNum":1,"donation":0},{"id":"332973775","familyId":73,"firstName":"רביץ","lastName":"יהודה","grade":"ב","gradeNum":1,"donation":0},{"id":"331278580","familyId":74,"firstName":"רפפורט","lastName":"דניאל","grade":"ב","gradeNum":1,"donation":0},{"id":"332964345","familyId":75,"firstName":"שכטר","lastName":"יעקב יצחק","grade":"ב","gradeNum":1,"donation":0},{"id":"214783219","familyId":76,"firstName":"שפיצר","lastName":"שמחה שמעון","grade":"ב","gradeNum":1,"donation":0},{"id":"332077718","familyId":77,"firstName":"אשר","lastName":"שמעון","grade":"ב","gradeNum":2,"donation":0},{"id":"216986349","familyId":78,"firstName":"בודל","lastName":"אהרן","grade":"ב","gradeNum":2,"donation":0},{"id":"329645121","familyId":79,"firstName":"בוחבוט","lastName":"דוד יהודה","grade":"ב","gradeNum":2,"donation":0},{"id":"332961077","familyId":80,"firstName":"בילוביץ","lastName":"עקיבא","grade":"ב","gradeNum":2,"donation":0},{"id":"331032441","familyId":81,"firstName":"בן שושן","lastName":"דוד ישראל","grade":"ב","gradeNum":2,"donation":0},{"id":"332105188","familyId":82,"firstName":"ברגר","lastName":"ישראל","grade":"ב","gradeNum":2,"donation":0},{"id":"333311355","familyId":83,"firstName":"גולבנציץ","lastName":"אליהו","grade":"ב","gradeNum":2,"donation":0},{"id":"217700400","familyId":84,"firstName":"גפנר","lastName":"אליהו חיים","grade":"ב","gradeNum":2,"donation":0},{"id":"331893750","familyId":85,"firstName":"היישריק","lastName":"יצחק","grade":"ב","gradeNum":2,"donation":0},{"id":"332914647","familyId":86,"firstName":"וינברגר","lastName":"ישראל","grade":"ב","gradeNum":2,"donation":0},{"id":"332228386","familyId":87,"firstName":"ויסברג","lastName":"שלמה","grade":"ב","gradeNum":2,"donation":0},{"id":"331887224","familyId":88,"firstName":"ויסנשטרן","lastName":"יאיר","grade":"ב","gradeNum":2,"donation":0},{"id":"217741537","familyId":89,"firstName":"ישיביץ","lastName":"הלל","grade":"ב","gradeNum":2,"donation":0},{"id":"327176608","familyId":90,"firstName":"ישראל","lastName":"יאשיהו יוסף","grade":"ב","gradeNum":2,"donation":0},{"id":"331221846","familyId":91,"firstName":"כהן","lastName":"פיני","grade":"ב","gradeNum":2,"donation":0},{"id":"218050672","familyId":92,"firstName":"לוברסקי","lastName":"מתתיהו","grade":"ב","gradeNum":2,"donation":0},{"id":"217647692","familyId":93,"firstName":"לוי","lastName":"יצחק","grade":"ב","gradeNum":2,"donation":0},{"id":"331305698","familyId":94,"firstName":"ליפקה","lastName":"בן ציון","grade":"ב","gradeNum":2,"donation":0},{"id":"558851507","familyId":95,"firstName":"מנדלוביץ","lastName":"יוסף מרדכי","grade":"ב","gradeNum":2,"donation":0},{"id":"217635036","familyId":40,"firstName":"מנטרוז","lastName":"חיים","grade":"ב","gradeNum":2,"donation":0},{"id":"217043710","familyId":97,"firstName":"נטף","lastName":"אברהם","grade":"ב","gradeNum":2,"donation":0},{"id":"333786374","familyId":98,"firstName":"פיין","lastName":"אליהו","grade":"ב","gradeNum":2,"donation":0},{"id":"331231589","familyId":99,"firstName":"פרץ","lastName":"חיים יאיר","grade":"ב","gradeNum":2,"donation":0},{"id":"218111979","familyId":100,"firstName":"צדוק","lastName":"יאיר","grade":"ב","gradeNum":2,"donation":0},{"id":"327148706","familyId":101,"firstName":"שוולב","lastName":"משה","grade":"ב","gradeNum":2,"donation":0},{"id":"332527076","familyId":102,"firstName":"שטיין","lastName":"נתן צבי","grade":"ב","gradeNum":2,"donation":0},{"id":"217527910","familyId":103,"firstName":"שרביט","lastName":"יצחק","grade":"ב","gradeNum":2,"donation":0},{"id":"217160589","familyId":104,"firstName":"אהרמן","lastName":"ישראל","grade":"ג","gradeNum":1,"donation":0},{"id":"217076330","familyId":105,"firstName":"אייזנברג","lastName":"מרדכי","grade":"ג","gradeNum":1,"donation":0},{"id":"556533727","familyId":106,"firstName":"ארונוביץ","lastName":"יוסף חיים","grade":"ג","gradeNum":1,"donation":0},{"id":"329604938","familyId":107,"firstName":"ארנפלד","lastName":"שלמה אריה","grade":"ג","gradeNum":1,"donation":0},{"id":"331307942","familyId":108,"firstName":"בלר","lastName":"נפתלי","grade":"ג","gradeNum":1,"donation":0},{"id":"216199794","familyId":109,"firstName":"בן גיגי","lastName":"דוד","grade":"ג","gradeNum":1,"donation":0},{"id":"217317544","familyId":110,"firstName":"בן חיים","lastName":"יהודה","grade":"ג","gradeNum":1,"donation":0},{"id":"330985250","familyId":111,"firstName":"בנבנשתי","lastName":"אריה","grade":"ג","gradeNum":1,"donation":0},{"id":"331081273","familyId":112,"firstName":"ברנשטיין","lastName":"דב משה מנחם","grade":"ג","gradeNum":1,"donation":0},{"id":"216563593","familyId":6,"firstName":"גולדשטיין","lastName":"שלמה","grade":"ג","gradeNum":1,"donation":0},{"id":"330584434","familyId":114,"firstName":"הופבאור","lastName":"שמואל חיים","grade":"ג","gradeNum":1,"donation":0},{"id":"330873472","familyId":115,"firstName":"והב","lastName":"חיים","grade":"ג","gradeNum":1,"donation":0},{"id":"331303776","familyId":116,"firstName":"ווגנר","lastName":"יוסף","grade":"ג","gradeNum":1,"donation":0},{"id":"331150433","familyId":117,"firstName":"וונדרר","lastName":"יעקב","grade":"ג","gradeNum":1,"donation":0},{"id":"331615161","familyId":34,"firstName":"זבולון","lastName":"אורי","grade":"ג","gradeNum":1,"donation":0},{"id":"330903022","familyId":119,"firstName":"טקשה","lastName":"משה","grade":"ג","gradeNum":1,"donation":0},{"id":"216524009","familyId":120,"firstName":"כהן","lastName":"משה","grade":"ג","gradeNum":1,"donation":0},{"id":"331221382","familyId":121,"firstName":"כהן","lastName":"איתמר","grade":"ג","gradeNum":1,"donation":0},{"id":"216778936","familyId":122,"firstName":"מנוחין","lastName":"יאיר","grade":"ג","gradeNum":1,"donation":0},{"id":"331145961","familyId":123,"firstName":"ספירשטיין","lastName":"יוסף מתתיהו","grade":"ג","gradeNum":1,"donation":0},{"id":"216233635","familyId":124,"firstName":"פלורנטין","lastName":"משה","grade":"ג","gradeNum":1,"donation":0},{"id":"217643840","familyId":125,"firstName":"קוריץ","lastName":"ברוך שלום","grade":"ג","gradeNum":1,"donation":0},{"id":"329336572","familyId":126,"firstName":"רוז'ין","lastName":"יהושע","grade":"ג","gradeNum":1,"donation":0},{"id":"331147074","familyId":127,"firstName":"רצאבי","lastName":"אלעזר","grade":"ג","gradeNum":1,"donation":0},{"id":"331297986","familyId":128,"firstName":"שוהם","lastName":"אריאל","grade":"ג","gradeNum":1,"donation":0},{"id":"216921759","familyId":129,"firstName":"שטרן","lastName":"צבי","grade":"ג","gradeNum":1,"donation":0},{"id":"216682278","familyId":130,"firstName":"שכטר","lastName":"דניאל","grade":"ג","gradeNum":1,"donation":0},{"id":"216543769","familyId":131,"firstName":"אגאי","lastName":"יצחק","grade":"ג","gradeNum":2,"donation":0},{"id":"330977042","familyId":132,"firstName":"איצקוביץ","lastName":"מוטי","grade":"ג","gradeNum":2,"donation":0},{"id":"331289116","familyId":133,"firstName":"אלבוים","lastName":"אהרן ישעיהו","grade":"ג","gradeNum":2,"donation":0},{"id":"329865174","familyId":134,"firstName":"בן פורת","lastName":"דניאל","grade":"ג","gradeNum":2,"donation":0},{"id":"216959072","familyId":135,"firstName":"ברדפיס","lastName":"שלמה זלמן","grade":"ג","gradeNum":2,"donation":0},{"id":"217101047","familyId":136,"firstName":"דנה","lastName":"אברהם","grade":"ג","gradeNum":2,"donation":0},{"id":"330911280","familyId":137,"firstName":"ווגשל","lastName":"יוסף","grade":"ג","gradeNum":2,"donation":0},{"id":"331657841","familyId":138,"firstName":"ווכטל","lastName":"אהרון","grade":"ג","gradeNum":2,"donation":0},{"id":"331693770","familyId":139,"firstName":"ויניגר","lastName":"שרגא פייויש","grade":"ג","gradeNum":2,"donation":0},{"id":"331747519","familyId":140,"firstName":"זגורי","lastName":"נתן","grade":"ג","gradeNum":2,"donation":0},{"id":"331762187","familyId":141,"firstName":"ישי","lastName":"יהודה","grade":"ג","gradeNum":2,"donation":0},{"id":"216683599","familyId":142,"firstName":"כהן","lastName":"הלל","grade":"ג","gradeNum":2,"donation":0},{"id":"217045996","familyId":143,"firstName":"לוין","lastName":"ישעיה","grade":"ג","gradeNum":2,"donation":0},{"id":"217173970","familyId":144,"firstName":"ליבוביץ","lastName":"שלום ישעיה","grade":"ג","gradeNum":2,"donation":0},{"id":"217171602","familyId":145,"firstName":"מאיירס","lastName":"ברוך מרדכי","grade":"ג","gradeNum":2,"donation":0},{"id":"331139675","familyId":146,"firstName":"מיארה","lastName":"אוריאל","grade":"ג","gradeNum":2,"donation":0},{"id":"217100361","familyId":147,"firstName":"מרגליות","lastName":"אברהם צבי","grade":"ג","gradeNum":2,"donation":0},{"id":"332272731","familyId":148,"firstName":"פישמן","lastName":"גדליה","grade":"ג","gradeNum":2,"donation":0},{"id":"216929471","familyId":149,"firstName":"פרידליין","lastName":"אפרים","grade":"ג","gradeNum":2,"donation":0},{"id":"331304170","familyId":150,"firstName":"קאנווי","lastName":"ישראל","grade":"ג","gradeNum":2,"donation":0},{"id":"329752968","familyId":151,"firstName":"קלרמן","lastName":"מתתיהו","grade":"ג","gradeNum":2,"donation":0},{"id":"216798314","familyId":152,"firstName":"שוורץ","lastName":"גרשון","grade":"ג","gradeNum":2,"donation":0},{"id":"216435495","familyId":153,"firstName":"שטיינבלט","lastName":"חיים","grade":"ג","gradeNum":2,"donation":0}]